IdProducto;TipoProducto;Fecha; Precio ; Foto 
242113196;Snacks;12/10/2020;152,58;
190800607;Cárnicos;26/01/2020;421,89;
765228068;Cereales;09/11/2020;205,70;
232631909;Frutas;21/08/2021;9,33;
530560958;Alimento infantil;30/09/2022;255,28;
516876542;Bebida;21/01/2022;47,45;
919752490;Snacks;17/02/2022;152,58;
287675130;Cosméticos;21/03/2020;437,20;
839443290;Cuidado personal;13/02/2021;81,73;
814168298;Material de oficina;15/06/2021;651,21;
321273982;Cosméticos;15/07/2022;437,20;
890496671;Snacks;13/05/2020;152,58;
521885192;Bebida;06/05/2021;47,45;
435800874;Verduras;07/11/2020;154,06;
122917544;Frutas;20/10/2021;9,33;
494221532;Cuidado personal;21/10/2021;81,73;
731011664;Cosméticos;19/04/2020;437,20;
534899270;Snacks;03/11/2022;152,58;
577808177;Material de oficina;10/07/2022;651,21;
251974713;Material de oficina;01/06/2021;651,21;
819947707;Cuidado personal;28/07/2020;81,73;
464588487;Cosméticos;08/06/2021;437,20;
139070880;Snacks;26/07/2021;152,58;
416881215;Ropa;15/10/2021;109,28;
141818320;Verduras;23/11/2021;154,06;
477993524;Cuidado personal;31/01/2022;81,73;
859830653;Ropa;11/07/2021;109,28;
342066037;Ropa;26/08/2022;109,28;
749748504;Doméstico;21/02/2021;668,27;
828239381;Cosméticos;30/08/2021;437,20;
293212497;Verduras;19/02/2022;154,06;
280654180;Cuidado personal;17/11/2020;81,73;
196863257;Ropa;25/11/2020;109,28;
868451058;Frutas;06/10/2022;9,33;
492341411;Ropa;07/04/2020;109,28;
485770642;Cárnicos;02/12/2021;421,89;
536287581;Bebida;28/11/2020;47,45;
851753556;Cereales;03/04/2022;205,70;
810342395;Verduras;15/05/2021;154,06;
310540425;Doméstico;26/08/2022;668,27;
221146476;Frutas;23/11/2020;9,33;
131271874;Ropa;23/09/2022;109,28;
600340449;Frutas;25/04/2022;9,33;
908088529;Material de oficina;20/10/2022;651,21;
404564940;Cereales;04/08/2020;205,70;
760131013;Cuidado personal;21/01/2021;81,73;
115460574;Ropa;02/11/2022;109,28;
731539952;Bebida;08/02/2022;47,45;
439667975;Cárnicos;03/08/2022;421,89;
291455972;Ropa;11/09/2022;109,28;
508827769;Cereales;01/09/2022;205,70;
934019696;Verduras;17/04/2020;154,06;
579580581;Bebida;25/11/2020;47,45;
778371751;Cárnicos;27/08/2021;421,89;
233567035;Verduras;16/07/2021;154,06;
868652760;Bebida;24/10/2022;47,45;
177427756;Verduras;23/12/2020;154,06;
674003350;Cereales;10/07/2020;205,70;
442803370;Ropa;16/01/2022;109,28;
788564145;Alimento infantil;27/10/2020;255,28;
386334502;Cosméticos;21/07/2022;437,20;
231475770;Cuidado personal;22/11/2021;81,73;
489661777;Doméstico;18/01/2021;668,27;
946878850;Cuidado personal;18/08/2022;81,73;
559425818;Cárnicos;01/07/2022;421,89;
603914010;Verduras;22/08/2022;154,06;
627267253;Frutas;24/02/2021;9,33;
696721875;Alimento infantil;01/04/2022;255,28;
949826705;Cuidado personal;18/07/2020;81,73;
244443070;Cuidado personal;30/06/2022;81,73;
208744800;Doméstico;29/01/2022;668,27;
291218221;Cárnicos;09/04/2022;421,89;
910662162;Doméstico;22/02/2022;668,27;
306187951;Material de oficina;09/03/2021;651,21;
387219417;Frutas;16/09/2020;9,33;
883492887;Verduras;05/06/2022;154,06;
695057189;Bebida;24/04/2021;47,45;
142273652;Cosméticos;23/04/2021;437,20;
515816104;Cereales;28/06/2022;205,70;
926670873;Cuidado personal;14/06/2022;81,73;
556136786;Doméstico;19/08/2020;668,27;
905825173;Alimento infantil;06/08/2022;255,28;
847659862;Material de oficina;07/06/2021;651,21;
673877179;Cárnicos;26/01/2022;421,89;
747025954;Alimento infantil;14/09/2022;255,28;
149967515;Cosméticos;01/12/2021;437,20;
735875689;Cuidado personal;17/02/2020;81,73;
378236806;Material de oficina;09/01/2021;651,21;
620849692;Cosméticos;15/07/2021;437,20;
827825677;Snacks;11/11/2021;152,58;
433588588;Doméstico;05/03/2021;668,27;
292874753;Cárnicos;24/11/2021;421,89;
430733001;Material de oficina;31/07/2022;651,21;
492524659;Frutas;03/03/2022;9,33;
193923556;Bebida;09/06/2021;47,45;
670916020;Bebida;26/07/2021;47,45;
429800879;Alimento infantil;17/09/2022;255,28;
297189462;Doméstico;25/07/2022;668,27;
270005595;Cuidado personal;26/08/2020;81,73;
865485608;Snacks;15/08/2022;152,58;
871178328;Cereales;28/08/2021;205,70;
494945085;Verduras;12/10/2022;154,06;
914959704;Snacks;29/05/2021;152,58;
229708516;Doméstico;07/12/2021;668,27;
207990348;Bebida;04/01/2022;47,45;
438916528;Verduras;20/07/2022;154,06;
581910884;Alimento infantil;30/07/2020;255,28;
816709744;Cárnicos;04/02/2022;421,89;
493361937;Doméstico;24/08/2020;668,27;
382228791;Alimento infantil;10/08/2021;255,28;
423984134;Cosméticos;02/10/2020;437,20;
179614293;Cárnicos;03/11/2022;421,89;
180418097;Cuidado personal;26/02/2020;81,73;
578006875;Cárnicos;17/07/2022;421,89;
694304454;Doméstico;01/09/2021;668,27;
371547162;Alimento infantil;14/01/2021;255,28;
422283828;Bebida;06/04/2020;47,45;
379375779;Cereales;23/03/2022;205,70;
745996844;Cuidado personal;11/03/2020;81,73;
745633351;Frutas;20/02/2022;9,33;
572084128;Snacks;16/09/2020;152,58;
939460504;Bebida;22/05/2020;47,45;
832186305;Frutas;12/10/2021;9,33;
654997861;Frutas;28/02/2020;9,33;
882943999;Cárnicos;23/03/2021;421,89;
711386048;Frutas;27/06/2022;9,33;
305997836;Bebida;09/06/2020;47,45;
352765691;Cárnicos;19/07/2020;421,89;
707988440;Verduras;15/07/2021;154,06;
848277413;Verduras;13/07/2022;154,06;
320556437;Doméstico;16/08/2021;668,27;
992061841;Alimento infantil;06/03/2020;255,28;
300342452;Material de oficina;20/05/2021;651,21;
703259599;Verduras;02/04/2020;154,06;
228987109;Ropa;17/03/2022;109,28;
126011312;Cereales;22/08/2021;205,70;
813131034;Bebida;28/06/2020;47,45;
529457604;Cuidado personal;05/02/2021;81,73;
284414851;Cárnicos;02/12/2021;421,89;
707739102;Bebida;22/10/2021;47,45;
699479186;Cosméticos;15/06/2021;437,20;
579996430;Cereales;13/12/2021;205,70;
739964663;Cereales;29/06/2020;205,70;
290370213;Ropa;31/05/2020;109,28;
212511909;Frutas;22/02/2021;9,33;
208001077;Frutas;13/07/2022;9,33;
948761546;Cuidado personal;09/07/2020;81,73;
927029645;Snacks;18/01/2020;152,58;
505354201;Cuidado personal;26/02/2022;81,73;
566596543;Frutas;30/07/2022;9,33;
263930499;Material de oficina;24/09/2021;651,21;
170842397;Frutas;10/06/2020;9,33;
931131064;Frutas;10/05/2021;9,33;
108907830;Frutas;27/10/2021;9,33;
738596522;Doméstico;31/12/2020;668,27;
974933469;Material de oficina;29/04/2021;651,21;
842967498;Material de oficina;04/05/2021;651,21;
888059937;Cuidado personal;07/11/2022;81,73;
825884616;Doméstico;01/12/2020;668,27;
892427861;Material de oficina;08/06/2022;651,21;
493988502;Material de oficina;02/11/2021;651,21;
457177865;Verduras;17/07/2022;154,06;
778919780;Cárnicos;19/03/2021;421,89;
176450574;Material de oficina;22/08/2020;651,21;
137319076;Cárnicos;01/08/2022;421,89;
869386613;Ropa;17/08/2020;109,28;
850827014;Cárnicos;16/08/2021;421,89;
880126607;Snacks;24/05/2021;152,58;
926084220;Ropa;12/06/2020;109,28;
577811181;Cereales;21/07/2022;205,70;
394731318;Snacks;17/11/2021;152,58;
556580960;Doméstico;26/07/2021;668,27;
413408935;Material de oficina;17/11/2020;651,21;
735576570;Cuidado personal;03/05/2022;81,73;
563757693;Ropa;16/09/2021;109,28;
358938634;Verduras;22/11/2020;154,06;
652418220;Snacks;03/10/2020;152,58;
695807778;Material de oficina;26/07/2022;651,21;
711031138;Material de oficina;05/11/2020;651,21;
540324628;Bebida;17/12/2021;47,45;
996237075;Cereales;31/08/2022;205,70;
711629807;Ropa;12/02/2020;109,28;
189676654;Cereales;19/11/2021;205,70;
453863942;Doméstico;23/08/2021;668,27;
797990500;Material de oficina;14/08/2020;651,21;
136167657;Bebida;08/06/2020;47,45;
152819240;Bebida;11/09/2021;47,45;
352681577;Snacks;15/07/2022;152,58;
310803496;Cereales;27/01/2020;205,70;
122546327;Cosméticos;26/05/2020;437,20;
853583896;Frutas;04/01/2020;9,33;
489902532;Cuidado personal;04/07/2021;81,73;
687801063;Verduras;02/10/2020;154,06;
923890817;Cárnicos;07/08/2022;421,89;
745095622;Frutas;11/04/2022;9,33;
218651807;Cosméticos;23/02/2021;437,20;
382108199;Verduras;26/05/2022;154,06;
993326127;Material de oficina;17/01/2021;651,21;
980479419;Cereales;07/07/2022;205,70;
692054402;Snacks;11/03/2021;152,58;
546849906;Verduras;16/11/2021;154,06;
583977258;Bebida;11/03/2021;47,45;
912860286;Alimento infantil;13/06/2020;255,28;
363235318;Ropa;15/05/2021;109,28;
535151183;Cárnicos;11/10/2021;421,89;
848969209;Frutas;07/10/2022;9,33;
795363223;Frutas;15/07/2021;9,33;
385319554;Cosméticos;01/06/2021;437,20;
600137031;Cereales;02/11/2021;205,70;
241426980;Ropa;24/08/2022;109,28;
881113231;Alimento infantil;24/08/2022;255,28;
111432111;Frutas;22/01/2021;9,33;
994932448;Verduras;14/10/2021;154,06;
814475572;Cuidado personal;23/07/2020;81,73;
523235309;Cárnicos;26/08/2020;421,89;
694697988;Verduras;13/01/2020;154,06;
172662436;Material de oficina;10/05/2021;651,21;
121239984;Bebida;15/12/2021;47,45;
874854457;Alimento infantil;02/01/2021;255,28;
588242185;Cárnicos;06/12/2020;421,89;
186451995;Cuidado personal;12/04/2020;81,73;
214845216;Alimento infantil;08/11/2020;255,28;
389095675;Doméstico;29/07/2020;668,27;
945189702;Cereales;15/08/2020;205,70;
389426124;Cereales;22/02/2021;205,70;
448416268;Cereales;13/09/2022;205,70;
219083964;Doméstico;15/12/2021;668,27;
218665540;Cosméticos;12/09/2021;437,20;
134709823;Cereales;29/10/2020;205,70;
175078141;Verduras;05/07/2021;154,06;
617944324;Material de oficina;07/01/2022;651,21;
461794698;Cosméticos;12/01/2021;437,20;
575428092;Ropa;02/12/2021;109,28;
547955834;Alimento infantil;25/09/2022;255,28;
938801753;Bebida;01/07/2020;47,45;
127702176;Cereales;20/03/2021;205,70;
164705932;Material de oficina;17/04/2021;651,21;
920174348;Verduras;20/05/2020;154,06;
534781253;Cárnicos;03/11/2022;421,89;
369512975;Verduras;25/12/2021;154,06;
955668342;Frutas;15/07/2021;9,33;
644858682;Cárnicos;08/10/2022;421,89;
559007823;Verduras;15/03/2020;154,06;
540352094;Bebida;15/03/2020;47,45;
501440322;Material de oficina;20/05/2022;651,21;
875133836;Doméstico;16/01/2021;668,27;
364606463;Ropa;23/11/2020;109,28;
893344533;Frutas;30/04/2021;9,33;
855146872;Frutas;15/09/2020;9,33;
964124810;Cosméticos;30/08/2020;437,20;
204702174;Snacks;15/10/2021;152,58;
781615293;Cárnicos;25/03/2022;421,89;
469912993;Bebida;16/12/2021;47,45;
264956605;Cosméticos;09/05/2021;437,20;
332419955;Snacks;13/08/2022;152,58;
458289372;Snacks;22/08/2022;152,58;
498863685;Cuidado personal;25/02/2020;81,73;
830754220;Bebida;05/11/2022;47,45;
100884807;Alimento infantil;01/04/2020;255,28;
176491773;Cárnicos;17/04/2022;421,89;
295123946;Cárnicos;25/09/2020;421,89;
214642655;Cuidado personal;07/01/2022;81,73;
663221728;Cárnicos;21/02/2020;421,89;
189347493;Ropa;02/12/2020;109,28;
111818778;Bebida;30/07/2020;47,45;
469746911;Material de oficina;17/06/2021;651,21;
472555720;Doméstico;07/01/2022;668,27;
749981534;Ropa;09/02/2021;109,28;
202073180;Cereales;12/04/2022;205,70;
949191987;Doméstico;26/11/2020;668,27;
682011783;Cuidado personal;04/10/2022;81,73;
311518895;Ropa;06/08/2022;109,28;
819012153;Cosméticos;16/09/2022;437,20;
106102883;Material de oficina;29/01/2020;651,21;
644714915;Cárnicos;03/02/2022;421,89;
927084577;Bebida;02/04/2022;47,45;
415760695;Verduras;06/08/2021;154,06;
893604600;Cereales;29/07/2021;205,70;
613790118;Ropa;12/08/2022;109,28;
149803578;Cuidado personal;31/08/2022;81,73;
145443809;Snacks;14/07/2021;152,58;
864822137;Ropa;09/04/2022;109,28;
842362391;Material de oficina;10/03/2021;651,21;
932800900;Snacks;18/09/2020;152,58;
261186492;Alimento infantil;03/04/2022;255,28;
272880494;Doméstico;23/11/2021;668,27;
683556735;Ropa;30/05/2020;109,28;
829201543;Bebida;05/11/2021;47,45;
116113746;Bebida;18/08/2020;47,45;
270904672;Cereales;06/03/2020;205,70;
390498149;Cereales;07/01/2020;205,70;
992130506;Cosméticos;28/01/2020;437,20;
863350570;Snacks;10/02/2022;152,58;
212019670;Cosméticos;28/07/2022;437,20;
216311633;Material de oficina;05/08/2022;651,21;
774712789;Doméstico;06/11/2020;668,27;
956021964;Alimento infantil;17/09/2020;255,28;
349350488;Cosméticos;26/03/2020;437,20;
414122188;Cosméticos;26/02/2022;437,20;
430073392;Doméstico;17/01/2021;668,27;
647252929;Cuidado personal;18/11/2021;81,73;
936022126;Frutas;20/06/2021;9,33;
337054812;Material de oficina;17/04/2021;651,21;
211337316;Cárnicos;24/05/2020;421,89;
190168464;Snacks;30/06/2022;152,58;
425159585;Ropa;16/04/2020;109,28;
238234508;Cárnicos;07/08/2022;421,89;
371629559;Cosméticos;26/06/2021;437,20;
737893569;Alimento infantil;13/04/2022;255,28;
869887864;Ropa;25/02/2022;109,28;
370786273;Cuidado personal;01/02/2020;81,73;
264075124;Cereales;10/03/2021;205,70;
743553245;Frutas;22/12/2020;9,33;
723331964;Cuidado personal;24/01/2021;81,73;
987835109;Snacks;23/01/2022;152,58;
141799008;Material de oficina;07/02/2022;651,21;
460272490;Snacks;01/03/2021;152,58;
238616883;Material de oficina;25/06/2022;651,21;
542506015;Cuidado personal;17/07/2022;81,73;
257926213;Verduras;04/02/2021;154,06;
141176307;Alimento infantil;02/08/2022;255,28;
568867623;Cárnicos;31/05/2020;421,89;
187923991;Bebida;05/04/2021;47,45;
865581738;Cereales;04/10/2020;205,70;
939389693;Bebida;08/02/2022;47,45;
167209184;Alimento infantil;24/04/2020;255,28;
177214038;Cosméticos;20/10/2020;437,20;
417890584;Snacks;29/10/2020;152,58;
408037650;Ropa;27/04/2022;109,28;
186766564;Cosméticos;28/11/2021;437,20;
763501155;Cárnicos;27/11/2020;421,89;
967977750;Bebida;10/01/2021;47,45;
600245177;Snacks;07/02/2020;152,58;
880664765;Cosméticos;28/01/2022;437,20;
399910342;Cereales;20/04/2021;205,70;
968968236;Cárnicos;04/02/2021;421,89;
869137275;Verduras;24/11/2020;154,06;
702028787;Verduras;19/07/2020;154,06;
239566600;Frutas;19/09/2021;9,33;
673987042;Ropa;05/10/2020;109,28;
567838943;Cárnicos;01/08/2021;421,89;
803983628;Ropa;09/10/2022;109,28;
535594928;Cosméticos;21/11/2021;437,20;
336159169;Alimento infantil;14/08/2022;255,28;
849475181;Cárnicos;21/11/2021;421,89;
539654290;Ropa;06/10/2022;109,28;
641120326;Cereales;20/07/2021;205,70;
208609616;Verduras;04/09/2020;154,06;
167170989;Cárnicos;20/07/2021;421,89;
162165772;Cárnicos;03/04/2020;421,89;
809267795;Cosméticos;05/06/2020;437,20;
544463384;Alimento infantil;22/05/2020;255,28;
574051368;Bebida;17/04/2020;47,45;
824643075;Frutas;10/09/2020;9,33;
393162333;Cuidado personal;11/02/2021;81,73;
696845471;Frutas;28/06/2021;9,33;
523241317;Ropa;18/09/2020;109,28;
980211198;Cereales;15/12/2020;205,70;
545928943;Doméstico;27/06/2020;668,27;
918880879;Verduras;05/11/2020;154,06;
267865836;Verduras;18/07/2022;154,06;
881995141;Material de oficina;08/10/2020;651,21;
620692622;Cuidado personal;17/02/2021;81,73;
563694608;Cárnicos;19/01/2021;421,89;
961049926;Bebida;26/08/2022;47,45;
783119904;Material de oficina;24/09/2022;651,21;
870578372;Cuidado personal;13/10/2022;81,73;
784411656;Snacks;03/11/2021;152,58;
155918586;Doméstico;10/10/2020;668,27;
936710488;Cosméticos;07/11/2020;437,20;
648711192;Snacks;24/04/2022;152,58;
934157025;Doméstico;01/02/2020;668,27;
805596816;Ropa;11/05/2022;109,28;
695891892;Cereales;30/07/2020;205,70;
208216083;Cuidado personal;24/04/2022;81,73;
366055715;Cereales;25/03/2021;205,70;
463209617;Cárnicos;03/06/2021;421,89;
313789117;Cosméticos;25/08/2021;437,20;
702218043;Cereales;06/07/2022;205,70;
233232724;Cárnicos;26/02/2022;421,89;
281881988;Alimento infantil;20/07/2020;255,28;
943527162;Snacks;06/12/2020;152,58;
583842074;Cárnicos;24/08/2022;421,89;
788813054;Alimento infantil;03/08/2022;255,28;
514738929;Cuidado personal;04/05/2022;81,73;
138231027;Frutas;07/01/2021;9,33;
106213176;Cereales;13/06/2022;205,70;
485921704;Snacks;06/04/2022;152,58;
514905440;Material de oficina;18/10/2020;651,21;
851025712;Cuidado personal;23/08/2021;81,73;
422456347;Alimento infantil;24/08/2021;255,28;
477683675;Cosméticos;29/11/2020;437,20;
535506522;Ropa;19/05/2021;109,28;
635036218;Cereales;15/07/2022;205,70;
885696589;Cárnicos;31/10/2022;421,89;
117223966;Verduras;14/02/2021;154,06;
829667174;Ropa;16/12/2020;109,28;
643387544;Bebida;28/07/2020;47,45;
849058902;Snacks;09/01/2020;152,58;
557667577;Material de oficina;19/08/2022;651,21;
750512397;Ropa;15/02/2022;109,28;
229204690;Verduras;13/03/2021;154,06;
565668284;Frutas;10/07/2021;9,33;
252139508;Snacks;23/04/2022;152,58;
551167190;Snacks;01/10/2021;152,58;
545612657;Doméstico;16/04/2021;668,27;
288649737;Snacks;07/05/2021;152,58;
353764760;Cuidado personal;30/09/2022;81,73;
484756553;Frutas;05/06/2022;9,33;
945736443;Bebida;30/07/2020;47,45;
271128261;Bebida;02/02/2022;47,45;
215668332;Alimento infantil;26/10/2020;255,28;
804405486;Frutas;09/01/2021;9,33;
782701051;Cárnicos;26/08/2021;421,89;
766228854;Doméstico;15/08/2020;668,27;
990975224;Frutas;21/12/2021;9,33;
863238990;Cereales;20/02/2020;205,70;
309631478;Cuidado personal;22/05/2021;81,73;
227076518;Verduras;24/05/2022;154,06;
232810437;Cuidado personal;23/03/2020;81,73;
914382064;Bebida;10/05/2022;47,45;
679652726;Verduras;17/05/2022;154,06;
706796252;Cereales;02/06/2021;205,70;
894298970;Frutas;08/01/2021;9,33;
310959708;Bebida;10/09/2021;47,45;
345889794;Bebida;27/06/2021;47,45;
658513057;Frutas;15/04/2020;9,33;
528565824;Material de oficina;28/03/2021;651,21;
206096923;Material de oficina;28/09/2020;651,21;
461467683;Ropa;25/04/2021;109,28;
335351932;Bebida;04/08/2021;47,45;
288735997;Verduras;10/08/2020;154,06;
852918708;Cuidado personal;03/02/2022;81,73;
379511392;Snacks;03/08/2021;152,58;
890437877;Verduras;16/03/2022;154,06;
427934491;Frutas;21/09/2021;9,33;
704550063;Doméstico;13/08/2022;668,27;
353145921;Cárnicos;16/01/2022;421,89;
776895892;Snacks;09/11/2021;152,58;
299286305;Verduras;14/06/2021;154,06;
914115989;Snacks;17/01/2022;152,58;
635496270;Alimento infantil;30/05/2022;255,28;
247850978;Cárnicos;13/04/2020;421,89;
155916440;Ropa;21/05/2022;109,28;
834741485;Verduras;11/02/2020;154,06;
579687440;Cárnicos;02/06/2022;421,89;
456428134;Cuidado personal;27/01/2020;81,73;
250949895;Snacks;27/05/2021;152,58;
719551551;Verduras;09/04/2022;154,06;
438844430;Cosméticos;20/10/2021;437,20;
755752360;Verduras;15/12/2020;154,06;
837511670;Ropa;01/02/2021;109,28;
821671187;Cosméticos;12/07/2022;437,20;
466092240;Verduras;17/04/2020;154,06;
498948657;Alimento infantil;31/08/2022;255,28;
368726766;Doméstico;05/03/2021;668,27;
494225394;Bebida;15/08/2020;47,45;
914555871;Cosméticos;25/06/2020;437,20;
839142024;Ropa;28/01/2022;109,28;
897720181;Bebida;26/05/2021;47,45;
890339171;Bebida;30/12/2021;47,45;
237360322;Snacks;07/02/2022;152,58;
229457461;Ropa;11/10/2021;109,28;
877616918;Cuidado personal;28/06/2021;81,73;
463137519;Verduras;02/09/2020;154,06;
487630593;Cuidado personal;10/01/2022;81,73;
723019969;Verduras;03/07/2021;154,06;
561541974;Alimento infantil;06/03/2021;255,28;
365745437;Verduras;04/02/2022;154,06;
118491685;Doméstico;04/11/2022;668,27;
772954547;Doméstico;25/12/2020;668,27;
202620351;Verduras;13/03/2020;154,06;
851287925;Frutas;12/04/2020;9,33;
283068597;Verduras;05/06/2021;154,06;
632386195;Bebida;23/10/2022;47,45;
953977048;Snacks;20/02/2021;152,58;
372889983;Cosméticos;04/09/2020;437,20;
334486329;Ropa;15/05/2020;109,28;
554439914;Verduras;29/12/2020;154,06;
368737065;Doméstico;15/11/2020;668,27;
983676612;Material de oficina;28/02/2020;651,21;
525869882;Cereales;06/04/2022;205,70;
792240703;Frutas;28/12/2020;9,33;
500025403;Cereales;30/12/2021;205,70;
236772811;Frutas;25/04/2021;9,33;
210344254;Doméstico;11/02/2021;668,27;
698913562;Ropa;12/07/2022;109,28;
700967061;Verduras;17/05/2021;154,06;
185303580;Ropa;08/01/2021;109,28;
541034448;Cuidado personal;20/05/2022;81,73;
527583491;Alimento infantil;25/06/2022;255,28;
324687039;Cuidado personal;09/08/2021;81,73;
182393920;Cosméticos;13/11/2021;437,20;
871065461;Frutas;29/01/2020;9,33;
531375491;Material de oficina;31/07/2020;651,21;
524310338;Cereales;01/06/2022;205,70;
481168830;Snacks;23/09/2020;152,58;
553562295;Doméstico;05/07/2022;668,27;
963414561;Cereales;11/04/2022;205,70;
652961957;Cereales;05/09/2020;205,70;
434753310;Snacks;11/03/2020;152,58;
741649949;Cosméticos;29/10/2020;437,20;
276825702;Frutas;01/08/2021;9,33;
963766896;Doméstico;06/11/2021;668,27;
296272361;Material de oficina;06/11/2022;651,21;
788453423;Alimento infantil;28/06/2020;255,28;
524733912;Cereales;03/02/2021;205,70;
809850156;Frutas;18/10/2022;9,33;
318850982;Snacks;18/09/2022;152,58;
947097718;Frutas;23/03/2021;9,33;
160264194;Bebida;14/07/2020;47,45;
444336736;Snacks;23/05/2020;152,58;
755614173;Verduras;19/05/2022;154,06;
570707833;Verduras;06/10/2022;154,06;
336541545;Bebida;02/07/2022;47,45;
120351636;Snacks;03/02/2020;152,58;
959686934;Cereales;30/07/2021;205,70;
812408769;Frutas;25/12/2021;9,33;
406690967;Frutas;03/01/2021;9,33;
991019856;Verduras;14/08/2021;154,06;
284194266;Verduras;15/01/2020;154,06;
125325524;Material de oficina;20/06/2021;651,21;
623837459;Cosméticos;02/07/2021;437,20;
609466397;Doméstico;08/11/2021;668,27;
782261168;Frutas;10/05/2020;9,33;
562583100;Bebida;15/12/2020;47,45;
341106021;Snacks;09/11/2020;152,58;
128816258;Bebida;11/07/2020;47,45;
907012641;Cereales;04/04/2022;205,70;
577306497;Alimento infantil;05/03/2020;255,28;
711621654;Doméstico;31/08/2021;668,27;
702194440;Material de oficina;23/03/2020;651,21;
911573684;Cereales;14/08/2022;205,70;
422620713;Bebida;19/09/2021;47,45;
188509356;Doméstico;18/10/2020;668,27;
782725942;Verduras;07/09/2020;154,06;
149069297;Material de oficina;04/03/2021;651,21;
351650750;Bebida;16/06/2022;47,45;
824894130;Cereales;06/11/2020;205,70;
623535764;Bebida;21/08/2021;47,45;
672624480;Verduras;05/07/2020;154,06;
617521607;Cosméticos;15/02/2022;437,20;
173900973;Frutas;19/07/2021;9,33;
477748906;Verduras;24/10/2022;154,06;
935364234;Alimento infantil;11/05/2020;255,28;
573358285;Snacks;15/06/2020;152,58;
288654887;Verduras;17/08/2022;154,06;
598490369;Snacks;01/02/2021;152,58;
290413558;Ropa;15/06/2020;109,28;
472285783;Cosméticos;13/01/2020;437,20;
522280871;Cárnicos;16/12/2020;421,89;
338885152;Doméstico;27/11/2021;668,27;
790897452;Doméstico;12/07/2020;668,27;
567429101;Cárnicos;06/08/2020;421,89;
227903926;Alimento infantil;29/12/2021;255,28;
852058255;Bebida;23/02/2022;47,45;
889940917;Cereales;25/04/2020;205,70;
211913239;Bebida;16/11/2021;47,45;
558649051;Cereales;10/08/2022;205,70;
591134679;Alimento infantil;16/07/2021;255,28;
840668952;Cosméticos;27/05/2022;437,20;
558863198;Doméstico;29/09/2020;668,27;
867641246;Alimento infantil;12/07/2022;255,28;
709239423;Cereales;04/09/2022;205,70;
896206557;Cereales;20/10/2020;205,70;
961403977;Alimento infantil;26/08/2022;255,28;
508005511;Snacks;27/06/2021;152,58;
559497487;Frutas;05/06/2022;9,33;
409678733;Cosméticos;20/12/2020;437,20;
772660577;Cosméticos;10/08/2021;437,20;
632866847;Bebida;29/01/2022;47,45;
395033872;Snacks;10/07/2020;152,58;
534210479;Cuidado personal;20/08/2022;81,73;
245757997;Frutas;18/03/2020;9,33;
595350253;Material de oficina;05/03/2021;651,21;
468973577;Cereales;03/06/2022;205,70;
622926795;Cárnicos;02/09/2022;421,89;
533821237;Doméstico;17/01/2021;668,27;
648580729;Cuidado personal;14/05/2021;81,73;
134441602;Cereales;16/02/2022;205,70;
928952682;Cosméticos;21/10/2020;437,20;
989975297;Material de oficina;27/12/2020;651,21;
145683276;Cuidado personal;21/05/2022;81,73;
544562947;Cosméticos;29/03/2022;437,20;
805413138;Snacks;30/06/2022;152,58;
967345178;Bebida;19/08/2022;47,45;
239782893;Ropa;07/02/2021;109,28;
152462613;Cuidado personal;27/06/2022;81,73;
505433166;Ropa;01/10/2021;109,28;
719055879;Frutas;04/11/2022;9,33;
284004580;Cosméticos;11/02/2020;437,20;
111265599;Material de oficina;07/08/2022;651,21;
282137763;Alimento infantil;28/02/2021;255,28;
498232400;Doméstico;11/05/2021;668,27;
531473338;Cereales;02/01/2022;205,70;
674096906;Alimento infantil;23/04/2022;255,28;
388651931;Alimento infantil;18/06/2020;255,28;
557999742;Material de oficina;08/10/2020;651,21;
335314166;Snacks;16/10/2020;152,58;
294081532;Cárnicos;08/05/2021;421,89;
178100669;Ropa;30/03/2022;109,28;
251482903;Doméstico;21/10/2020;668,27;
848652064;Cárnicos;04/12/2021;421,89;
124344480;Cereales;25/04/2022;205,70;
803608977;Cuidado personal;08/07/2020;81,73;
731806886;Ropa;14/03/2021;109,28;
524612033;Verduras;12/04/2022;154,06;
418010747;Cereales;27/01/2022;205,70;
718301856;Ropa;26/09/2020;109,28;
452096688;Ropa;07/09/2021;109,28;
516319072;Cuidado personal;31/07/2021;81,73;
528205335;Doméstico;10/05/2020;668,27;
175304305;Material de oficina;19/08/2022;651,21;
565477311;Bebida;28/12/2021;47,45;
176898181;Cárnicos;05/06/2022;421,89;
708053243;Cereales;14/08/2022;205,70;
327741324;Snacks;20/03/2020;152,58;
425073754;Cuidado personal;07/11/2021;81,73;
659474360;Frutas;08/09/2021;9,33;
310679471;Cárnicos;05/01/2020;421,89;
528737914;Cosméticos;19/10/2021;437,20;
284011018;Snacks;30/12/2020;152,58;
417172610;Alimento infantil;14/12/2021;255,28;
489209020;Cosméticos;04/11/2020;437,20;
131419074;Doméstico;25/05/2021;668,27;
395414102;Bebida;07/01/2022;47,45;
603117930;Cereales;05/02/2020;205,70;
596766889;Frutas;27/12/2021;9,33;
288909804;Cuidado personal;06/08/2021;81,73;
112408006;Cereales;16/10/2021;205,70;
570435321;Cuidado personal;27/07/2021;81,73;
886478078;Alimento infantil;28/04/2020;255,28;
354335105;Cereales;17/02/2022;205,70;
588117730;Cárnicos;18/01/2020;421,89;
572249782;Bebida;21/05/2020;47,45;
711467587;Doméstico;16/04/2021;668,27;
580819976;Material de oficina;26/09/2022;651,21;
275668275;Material de oficina;27/03/2022;651,21;
861686313;Cereales;30/12/2021;205,70;
324860417;Cárnicos;08/10/2021;421,89;
321489417;Snacks;12/04/2020;152,58;
328184640;Cosméticos;14/05/2022;437,20;
791869914;Material de oficina;30/05/2020;651,21;
879781568;Cuidado personal;28/06/2021;81,73;
729468429;Cárnicos;19/03/2020;421,89;
998791825;Ropa;05/03/2020;109,28;
615925586;Cosméticos;30/01/2021;437,20;
829356038;Frutas;07/03/2020;9,33;
257882010;Cuidado personal;09/04/2022;81,73;
740614831;Cárnicos;11/02/2021;421,89;
586978328;Cárnicos;19/11/2020;421,89;
426708829;Doméstico;09/06/2020;668,27;
959855163;Material de oficina;19/06/2020;651,21;
706778657;Doméstico;20/01/2022;668,27;
958153140;Doméstico;29/05/2022;668,27;
824964940;Cosméticos;28/12/2021;437,20;
388512885;Cosméticos;30/03/2020;437,20;
250408303;Material de oficina;22/09/2022;651,21;
182575023;Snacks;10/07/2022;152,58;
477249372;Ropa;18/09/2021;109,28;
596980178;Cereales;06/05/2021;205,70;
524628770;Alimento infantil;01/01/2020;255,28;
313368976;Cosméticos;18/12/2020;437,20;
536687123;Snacks;13/03/2022;152,58;
938382041;Frutas;20/08/2020;9,33;
882565057;Doméstico;12/03/2022;668,27;
703659999;Cereales;27/04/2020;205,70;
356403195;Cuidado personal;24/04/2020;81,73;
765843474;Cereales;15/09/2020;205,70;
677342164;Cárnicos;15/06/2020;421,89;
706573092;Doméstico;30/04/2020;668,27;
189522588;Cereales;06/07/2021;205,70;
332489478;Doméstico;18/04/2021;668,27;
162085092;Snacks;26/03/2020;152,58;
575233256;Cereales;18/09/2020;205,70;
289170300;Ropa;31/08/2022;109,28;
791445052;Verduras;16/02/2022;154,06;
489918839;Snacks;07/04/2021;152,58;
562765491;Doméstico;19/03/2021;668,27;
908471333;Ropa;25/08/2020;109,28;
595835196;Cosméticos;31/01/2020;437,20;
113968408;Snacks;03/06/2020;152,58;
922294795;Cuidado personal;23/07/2021;81,73;
500550687;Frutas;29/11/2020;9,33;
898784911;Cárnicos;08/08/2020;421,89;
187358796;Snacks;18/04/2020;152,58;
106946170;Cereales;23/06/2021;205,70;
218533360;Material de oficina;29/04/2020;651,21;
153419196;Material de oficina;27/07/2020;651,21;
963215005;Frutas;12/08/2020;9,33;
169844615;Verduras;14/09/2020;154,06;
315544354;Cuidado personal;26/06/2021;81,73;
412863051;Verduras;26/07/2022;154,06;
894662034;Frutas;10/02/2021;9,33;
464115130;Cuidado personal;31/10/2021;81,73;
144708669;Bebida;04/04/2021;47,45;
130241477;Frutas;11/08/2020;9,33;
234824883;Cereales;10/07/2021;205,70;
342882716;Cereales;24/09/2021;205,70;
859151303;Doméstico;28/03/2022;668,27;
458679473;Cárnicos;26/02/2020;421,89;
136828553;Snacks;30/07/2021;152,58;
959272372;Alimento infantil;19/02/2020;255,28;
911997258;Cereales;18/04/2021;205,70;
751302039;Verduras;04/12/2020;154,06;
853798043;Snacks;02/01/2021;152,58;
766409099;Cárnicos;29/06/2022;421,89;
556371533;Frutas;10/01/2021;9,33;
361234176;Alimento infantil;29/08/2022;255,28;
838858354;Frutas;27/05/2022;9,33;
917417895;Bebida;26/10/2022;47,45;
945399129;Cárnicos;28/02/2021;421,89;
441600883;Cárnicos;23/03/2022;421,89;
345134484;Verduras;20/08/2022;154,06;
765423762;Cárnicos;04/11/2020;421,89;
532205045;Alimento infantil;06/06/2021;255,28;
345527160;Verduras;21/03/2022;154,06;
525751435;Verduras;10/06/2021;154,06;
563551700;Verduras;08/01/2022;154,06;
469914281;Alimento infantil;25/07/2021;255,28;
326138007;Cárnicos;14/05/2022;421,89;
733834207;Material de oficina;29/05/2021;651,21;
564926707;Doméstico;12/05/2020;668,27;
111651837;Ropa;19/04/2021;109,28;
636558425;Verduras;28/05/2022;154,06;
322507798;Snacks;09/04/2022;152,58;
122673785;Ropa;25/04/2021;109,28;
610542714;Verduras;12/05/2020;154,06;
629913413;Alimento infantil;23/01/2022;255,28;
444897210;Ropa;24/11/2020;109,28;
389917933;Snacks;03/10/2021;152,58;
419711911;Cosméticos;07/05/2021;437,20;
559327971;Ropa;27/01/2021;109,28;
454127442;Material de oficina;29/09/2022;651,21;
719784152;Cereales;01/06/2021;205,70;
692284429;Verduras;16/02/2021;154,06;
677927100;Snacks;12/01/2022;152,58;
603323495;Cereales;27/10/2021;205,70;
465397441;Ropa;11/01/2020;109,28;
781385266;Alimento infantil;17/04/2022;255,28;
338835799;Material de oficina;21/10/2021;651,21;
245610368;Alimento infantil;20/09/2020;255,28;
779882800;Alimento infantil;07/03/2020;255,28;
940139424;Cuidado personal;19/09/2021;81,73;
695179069;Doméstico;16/02/2020;668,27;
534113061;Frutas;12/01/2022;9,33;
116365230;Cosméticos;10/08/2021;437,20;
521671903;Cereales;28/12/2021;205,70;
200081908;Bebida;12/06/2022;47,45;
821956574;Cosméticos;19/08/2022;437,20;
527969729;Verduras;07/03/2021;154,06;
679107701;Bebida;05/11/2022;47,45;
906669318;Verduras;12/10/2022;154,06;
462265908;Snacks;31/03/2022;152,58;
467821300;Snacks;28/06/2021;152,58;
765571820;Cosméticos;26/02/2021;437,20;
368066298;Cosméticos;09/11/2020;437,20;
608166062;Doméstico;12/08/2020;668,27;
189044940;Ropa;10/04/2022;109,28;
134189260;Cereales;15/05/2022;205,70;
637397849;Cuidado personal;17/02/2022;81,73;
612782037;Ropa;26/04/2020;109,28;
844765651;Material de oficina;24/05/2020;651,21;
838085019;Bebida;02/07/2020;47,45;
167788970;Snacks;11/08/2020;152,58;
729238831;Material de oficina;05/02/2021;651,21;
888108432;Alimento infantil;24/04/2021;255,28;
430384099;Snacks;01/01/2021;152,58;
112364661;Cereales;01/10/2021;205,70;
310661447;Doméstico;07/09/2022;668,27;
572198283;Ropa;23/11/2021;109,28;
964211499;Cereales;29/09/2020;205,70;
724249923;Doméstico;04/06/2022;668,27;
510174882;Alimento infantil;11/12/2021;255,28;
150160205;Bebida;15/11/2021;47,45;
892692220;Bebida;27/04/2022;47,45;
456569755;Doméstico;11/05/2022;668,27;
680904138;Material de oficina;23/06/2021;651,21;
775119197;Doméstico;25/12/2020;668,27;
468951261;Cárnicos;07/08/2022;421,89;
462449157;Material de oficina;16/04/2021;651,21;
175974214;Cosméticos;03/01/2021;437,20;
900200259;Cosméticos;24/10/2021;437,20;
846113622;Cereales;25/04/2021;205,70;
995013129;Alimento infantil;22/10/2021;255,28;
148510110;Cuidado personal;09/04/2020;81,73;
778528392;Ropa;27/03/2021;109,28;
477304303;Bebida;22/01/2021;47,45;
507386672;Snacks;13/10/2020;152,58;
851636826;Snacks;10/11/2021;152,58;
663228595;Cárnicos;04/11/2021;421,89;
515648305;Cereales;25/07/2021;205,70;
152694785;Bebida;23/10/2020;47,45;
738479363;Cereales;23/08/2022;205,70;
807425868;Snacks;05/07/2020;152,58;
314270627;Bebida;24/07/2022;47,45;
184062469;Doméstico;15/08/2021;668,27;
962162721;Cuidado personal;10/05/2022;81,73;
564245212;Ropa;07/09/2022;109,28;
126296269;Doméstico;03/12/2020;668,27;
854614722;Cosméticos;02/02/2020;437,20;
875811898;Cuidado personal;23/09/2020;81,73;
186811625;Cuidado personal;18/05/2022;81,73;
204850232;Cárnicos;06/02/2022;421,89;
617476546;Doméstico;28/08/2021;668,27;
732551896;Frutas;09/05/2020;9,33;
828250110;Cuidado personal;08/03/2022;81,73;
803057515;Cuidado personal;08/02/2020;81,73;
625772941;Material de oficina;07/05/2020;651,21;
785507714;Snacks;17/12/2020;152,58;
941685664;Bebida;01/11/2021;47,45;
374043118;Frutas;22/05/2020;9,33;
232628905;Cuidado personal;10/08/2021;81,73;
387804353;Cuidado personal;15/04/2022;81,73;
780243289;Ropa;23/01/2021;109,28;
970932042;Cuidado personal;08/09/2022;81,73;
591169440;Cárnicos;23/04/2022;421,89;
692566812;Doméstico;14/03/2021;668,27;
597047984;Material de oficina;16/06/2022;651,21;
146849286;Bebida;03/01/2021;47,45;
154519546;Frutas;09/03/2022;9,33;
152920091;Frutas;16/04/2020;9,33;
645224750;Cereales;13/01/2020;205,70;
854919850;Material de oficina;20/10/2020;651,21;
975804221;Cereales;19/12/2020;205,70;
821989190;Doméstico;25/02/2022;668,27;
277898585;Alimento infantil;05/02/2022;255,28;
648268735;Verduras;21/10/2021;154,06;
608148467;Frutas;31/03/2021;9,33;
252899110;Cereales;19/10/2020;205,70;
648194491;Frutas;01/09/2022;9,33;
680020940;Snacks;20/11/2020;152,58;
204677283;Alimento infantil;03/10/2022;255,28;
498774850;Ropa;05/09/2021;109,28;
209237468;Frutas;22/06/2021;9,33;
303301465;Cosméticos;22/08/2020;437,20;
918515670;Cárnicos;14/05/2022;421,89;
912741410;Snacks;01/09/2021;152,58;
114152514;Cereales;09/02/2021;205,70;
671235311;Cuidado personal;18/10/2020;81,73;
302788627;Alimento infantil;02/09/2022;255,28;
847923791;Cuidado personal;29/06/2020;81,73;
616064631;Alimento infantil;20/04/2021;255,28;
236947476;Frutas;01/02/2021;9,33;
410621154;Doméstico;16/07/2020;668,27;
557446992;Frutas;01/10/2020;9,33;
168098819;Cosméticos;13/10/2021;437,20;
153562963;Verduras;30/03/2021;154,06;
595138251;Ropa;05/06/2021;109,28;
294436013;Alimento infantil;04/03/2022;255,28;
823380076;Alimento infantil;16/04/2022;255,28;
674206769;Frutas;31/12/2020;9,33;
209464919;Material de oficina;15/03/2022;651,21;
312015855;Alimento infantil;17/08/2021;255,28;
135033404;Cárnicos;21/07/2022;421,89;
252003896;Alimento infantil;01/02/2020;255,28;
406726157;Alimento infantil;06/08/2022;255,28;
863311517;Cuidado personal;15/09/2021;81,73;
156183803;Bebida;20/04/2022;47,45;
940079343;Bebida;03/02/2021;47,45;
540046966;Doméstico;07/05/2022;668,27;
401447999;Bebida;22/02/2022;47,45;
239956271;Cuidado personal;08/04/2021;81,73;
291558110;Frutas;23/11/2020;9,33;
862552344;Doméstico;07/03/2021;668,27;
979550302;Frutas;03/09/2022;9,33;
639475810;Doméstico;17/01/2022;668,27;
359565198;Cereales;31/01/2022;205,70;
727367293;Cereales;09/09/2021;205,70;
150743424;Ropa;02/03/2020;109,28;
707867419;Verduras;04/07/2021;154,06;
497225606;Snacks;13/07/2021;152,58;
387616813;Verduras;30/09/2020;154,06;
868152368;Doméstico;27/01/2020;668,27;
698256099;Snacks;29/03/2022;152,58;
957664334;Cárnicos;29/10/2021;421,89;
996425902;Material de oficina;12/12/2020;651,21;
684902131;Cosméticos;13/02/2022;437,20;
863766849;Material de oficina;14/02/2021;651,21;
194006383;Material de oficina;15/09/2022;651,21;
106919562;Ropa;07/01/2022;109,28;
754117715;Cuidado personal;30/04/2020;81,73;
557524669;Frutas;27/09/2020;9,33;
259376752;Snacks;13/01/2021;152,58;
672222793;Cárnicos;31/10/2020;421,89;
428924119;Cereales;24/02/2020;205,70;
932654559;Doméstico;30/10/2020;668,27;
506900441;Bebida;10/04/2022;47,45;
245460593;Ropa;04/11/2022;109,28;
862446343;Snacks;22/04/2021;152,58;
442281520;Doméstico;13/02/2021;668,27;
289702451;Bebida;05/06/2020;47,45;
879757964;Bebida;23/01/2022;47,45;
507809388;Cereales;04/09/2020;205,70;
239530551;Doméstico;06/05/2021;668,27;
760907781;Alimento infantil;13/12/2020;255,28;
128239905;Cereales;29/01/2021;205,70;
518138253;Alimento infantil;08/11/2020;255,28;
577526652;Snacks;26/03/2021;152,58;
373641431;Material de oficina;18/09/2020;651,21;
944031417;Cárnicos;27/06/2022;421,89;
246557939;Bebida;27/07/2021;47,45;
809394824;Material de oficina;09/07/2020;651,21;
281028401;Verduras;24/04/2022;154,06;
880257499;Material de oficina;20/04/2020;651,21;
846193444;Alimento infantil;20/07/2022;255,28;
288260066;Cárnicos;18/10/2021;421,89;
736193692;Cereales;12/08/2022;205,70;
190043151;Cereales;30/10/2022;205,70;
770169770;Cárnicos;04/09/2020;421,89;
167247378;Material de oficina;07/12/2021;651,21;
192262303;Snacks;08/05/2021;152,58;
926513373;Cuidado personal;23/03/2021;81,73;
271611917;Cárnicos;23/05/2021;421,89;
699481761;Material de oficina;31/08/2020;651,21;
702359235;Ropa;12/02/2021;109,28;
642793166;Verduras;09/12/2020;154,06;
503644883;Material de oficina;28/07/2021;651,21;
338088214;Cuidado personal;31/07/2020;81,73;
719609487;Cereales;24/08/2021;205,70;
492007529;Verduras;14/09/2021;154,06;
819393670;Verduras;12/12/2020;154,06;
236191737;Frutas;31/05/2021;9,33;
497138059;Cereales;31/08/2022;205,70;
727281463;Bebida;23/05/2020;47,45;
571983277;Cárnicos;11/02/2022;421,89;
646917331;Cuidado personal;13/01/2020;81,73;
288069951;Alimento infantil;18/01/2021;255,28;
701739966;Verduras;14/06/2022;154,06;
914538705;Cereales;09/12/2021;205,70;
923389995;Snacks;23/11/2021;152,58;
345530164;Bebida;01/04/2022;47,45;
668508040;Ropa;25/11/2021;109,28;
300184953;Material de oficina;27/02/2020;651,21;
418734729;Frutas;03/01/2021;9,33;
922643697;Cosméticos;11/04/2020;437,20;
880710685;Material de oficina;30/04/2021;651,21;
782047021;Doméstico;20/03/2022;668,27;
286076533;Alimento infantil;29/10/2022;255,28;
472535550;Alimento infantil;01/08/2020;255,28;
691472899;Cárnicos;19/06/2020;421,89;
813249909;Alimento infantil;18/02/2022;255,28;
778540408;Frutas;12/05/2021;9,33;
148330724;Cárnicos;17/01/2020;421,89;
353919684;Frutas;27/11/2021;9,33;
646918618;Ropa;01/07/2022;109,28;
349251353;Verduras;23/01/2022;154,06;
203154218;Bebida;31/03/2021;47,45;
121176040;Bebida;08/07/2022;47,45;
536178147;Alimento infantil;07/03/2020;255,28;
151334369;Verduras;21/10/2021;154,06;
890131032;Cuidado personal;23/01/2021;81,73;
246366965;Doméstico;14/01/2022;668,27;
734153497;Cereales;21/08/2020;205,70;
437914454;Cuidado personal;27/04/2020;81,73;
662386167;Doméstico;01/02/2022;668,27;
982617461;Ropa;12/03/2020;109,28;
593969666;Cosméticos;25/09/2020;437,20;
562116611;Verduras;13/03/2020;154,06;
673044621;Verduras;11/03/2021;154,06;
783052527;Material de oficina;10/06/2022;651,21;
368751657;Cárnicos;17/03/2020;421,89;
777065837;Doméstico;04/03/2021;668,27;
275231397;Snacks;19/12/2020;152,58;
800797164;Ropa;15/10/2022;109,28;
311624467;Cosméticos;25/08/2021;437,20;
435887134;Bebida;11/02/2020;47,45;
622071492;Verduras;22/02/2021;154,06;
388976371;Cosméticos;20/12/2020;437,20;
675713098;Cuidado personal;05/12/2021;81,73;
691705501;Frutas;21/06/2022;9,33;
166689908;Cosméticos;17/06/2021;437,20;
700715148;Doméstico;09/06/2022;668,27;
814142549;Bebida;11/10/2020;47,45;
897645938;Snacks;06/04/2022;152,58;
962211644;Material de oficina;21/08/2021;651,21;
189138495;Doméstico;14/03/2021;668,27;
980037820;Frutas;15/10/2020;9,33;
406833446;Alimento infantil;28/01/2022;255,28;
561761701;Cárnicos;01/06/2021;421,89;
907371413;Verduras;18/09/2022;154,06;
526523911;Bebida;11/09/2021;47,45;
372393023;Bebida;24/08/2021;47,45;
118465077;Material de oficina;11/07/2020;651,21;
408538901;Snacks;26/12/2020;152,58;
606725823;Cosméticos;15/05/2020;437,20;
147449672;Ropa;13/09/2020;109,28;
785446774;Cárnicos;22/07/2021;421,89;
745765960;Verduras;22/06/2021;154,06;
573768556;Cosméticos;05/04/2022;437,20;
885128390;Snacks;02/11/2021;152,58;
115831792;Bebida;19/05/2021;47,45;
372177588;Frutas;16/01/2021;9,33;
680777108;Cosméticos;20/05/2021;437,20;
138554179;Frutas;03/12/2021;9,33;
162745130;Bebida;04/08/2022;47,45;
440898787;Cuidado personal;17/04/2022;81,73;
280876481;Frutas;29/04/2020;9,33;
860852038;Verduras;09/09/2020;154,06;
279311788;Ropa;22/01/2022;109,28;
